{
  "trainA_evalA": {
    "mse": 0.022583594545722008,
    "r2": 0.838355351198838,
    "avg_l0": 32.0,
    "avg_l1": 37.7570915222168
  },
  "trainA_evalB": {
    "mse": 0.044331714510917664,
    "r2": 0.7281179109102904,
    "avg_l0": 32.0,
    "avg_l1": 37.8206672668457
  },
  "trainB_evalA": {
    "mse": 0.05075822398066521,
    "r2": 0.6366922337135398,
    "avg_l0": 32.0,
    "avg_l1": 36.951942443847656
  },
  "trainB_evalB": {
    "mse": 0.02512997016310692,
    "r2": 0.8458803395698817,
    "avg_l0": 32.0,
    "avg_l1": 40.555057525634766
  },
  "generalization_degradation": {
    "A_to_B_mse_ratio": 1.9630052435260084,
    "B_to_A_mse_ratio": 2.019828262875652
  }
}