category,alpha,controls_mean_delta_contrast,controls_ci95_lo,controls_ci95_hi,n_pairs
uncertainty,0.0,-0.0071875,-0.01541162109375,0.0004887695312499973,200
uncertainty,0.5,-0.00369140625,-0.010294921875,0.0027163085937499916,200
uncertainty,1.0,0.0,0.0,0.0,200
uncertainty,1.5,0.009716796875,0.003017333984375,0.016611328125,200
uncertainty,2.0,0.013525390625,0.005507568359374999,0.022267089843749994,200
