{
  "trainA_evalA": {
    "mse": 0.0012408643960952759,
    "r2": 0.9911183718291346,
    "avg_l0": 619.64794921875,
    "avg_l1": 347.7597351074219
  },
  "trainA_evalB": {
    "mse": 0.005194815341383219,
    "r2": 0.9681407032632876,
    "avg_l0": 589.1576538085938,
    "avg_l1": 283.3492431640625
  },
  "trainB_evalA": {
    "mse": 0.024533027783036232,
    "r2": 0.8244020608858633,
    "avg_l0": 563.657470703125,
    "avg_l1": 233.52577209472656
  },
  "trainB_evalB": {
    "mse": 0.01094026118516922,
    "r2": 0.9329044432631104,
    "avg_l0": 595.795654296875,
    "avg_l1": 295.34539794921875
  },
  "generalization_degradation": {
    "A_to_B_mse_ratio": 4.18644886397752,
    "B_to_A_mse_ratio": 2.2424535728903408
  }
}